﻿<parameters>
  <parameter name="IIS Web Application Name" defaultValue="Default Web Site/" tags="IisApp">
    <parameterEntry kind="ProviderPath" scope="IisApp" match="^E:\\GitHub\\Наряд\\Наряд\\obj\\Release\\Package\\PackageTmp$" />
    <parameterEntry kind="ProviderPath" scope="setAcl" match="^E:\\GitHub\\Наряд\\Наряд\\obj\\Release\\Package\\PackageTmp$" />
  </parameter>
  <parameter name="Add write permission to App_Data Folder" description="Add write permission to App_Data folder" defaultValue="{IIS Web Application Name}/App_Data" tags="Hidden">
    <parameterEntry kind="ProviderPath" scope="setAcl" match="^E:\\GitHub\\Наряд\\Наряд\\obj\\Release\\Package\\PackageTmp\\App_Data$" />
  </parameter>
  <parameter name="БД_НарядEntities-Web.config Connection String" description="БД_НарядEntities Строка подключения в web.config, используемая приложением для доступа к базе данных." defaultValue="metadata=res://*/Model1.csdl|res://*/Model1.ssdl|res://*/Model1.msl;provider=System.Data.SqlClient;provider connection string=&quot;data source=(LocalDB)\MSSQLLocalDB;attachdbfilename=|DataDirectory|\БД_Наряд.mdf;integrated security=True;MultipleActiveResultSets=True;App=EntityFramework&quot;" tags="SqlConnectionString">
    <parameterEntry kind="XmlFile" scope="E:\\GitHub\\Наряд\\Наряд\\obj\\Release\\Package\\PackageTmp\\Web\.config$" match="/configuration/connectionStrings/add[@name='БД_НарядEntities']/@connectionString" />
  </parameter>
  <parameter name="БД_НарядEntities1-Web.config Connection String" description="БД_НарядEntities1 Строка подключения в web.config, используемая приложением для доступа к базе данных." defaultValue="metadata=res://*/Models.БД_НарядEntities1.csdl|res://*/Models.БД_НарядEntities1.ssdl|res://*/Models.БД_НарядEntities1.msl;provider=System.Data.SqlClient;provider connection string=&quot;data source=(LocalDB)\MSSQLLocalDB;attachdbfilename=|DataDirectory|\БД_Наряд.mdf;integrated security=True;multipleactiveresultsets=True;application name=EntityFramework&quot;" tags="SqlConnectionString">
    <parameterEntry kind="XmlFile" scope="E:\\GitHub\\Наряд\\Наряд\\obj\\Release\\Package\\PackageTmp\\Web\.config$" match="/configuration/connectionStrings/add[@name='БД_НарядEntities1']/@connectionString" />
  </parameter>
  <parameter name="БД_Users-Web.config Connection String" description="БД_Users Строка подключения в web.config, используемая приложением для доступа к базе данных." defaultValue="Data Source=(LocalDB)\MSSQLLocalDB;AttachDbFilename=|DataDirectory|\БД_Users.mdf;Integrated Security=True;" tags="SqlConnectionString">
    <parameterEntry kind="XmlFile" scope="E:\\GitHub\\Наряд\\Наряд\\obj\\Release\\Package\\PackageTmp\\Web\.config$" match="/configuration/connectionStrings/add[@name='БД_Users']/@connectionString" />
  </parameter>
</parameters>